{"file:///D:/ProgrammingProjects/Ibia%20Tv/Development/Landing_site/black":{"assets/web/assets/jquery/jquery.min.js":"3F5/GMjTasHT1HU6h8mNCg==","assets/bootstrap/css/bootstrap.min.css":"Ov4V6XZzTZ2qwmMQEQxFlA==","assets/bootstrap/css/bootstrap-grid.min.css":"B/UEMwCpd8W0hrWHLpycag==","assets/bootstrap/css/bootstrap-reboot.min.css":"Ui5OyWvr8teeN3hgkVQeIQ==","assets/bootstrap/js/bootstrap.min.js":"a+pgw0xdtnlxUGENrNxrzg==","assets/popper/popper.min.js":"NiE4ESlZe/NNSKniYj4FyQ==","assets/tether/tether.min.css":"YhVaOUjL8Xsb9LQHyQq4Tw==","assets/tether/tether.min.js":"PlC291/0Eo8keLHUT4D9+w==","assets/theme/css/style.css":"gNKl0pFasE0laECbQ7UokA==","assets/theme/js/script.js":"3gxOhw9OpbJ/uHtMcMk9yA==","assets/smoothscroll/smooth-scroll.js":"1fU5SR6w/dKRUCNIywK1Sw==","assets/dropdown/css/style.css":"s+S8lVC62P0BWFtgHpaNFA==","assets/dropdown/js/nav-dropdown.js":"dC/upwyur9A4kPhFrRHwaQ==","assets/dropdown/js/navbar-dropdown.js":"ZePnAsEAv4Y5wJTD95L44g==","assets/touchswipe/jquery.touch-swipe.min.js":"9g/wVGnRdXmW2F9BctT/TQ==","assets/animatecss/animate.min.css":"F4tlGVjO/1VsvF81Xgi78Q==","assets/viewportchecker/jquery.viewportchecker.js":"BtceVK1754iA5BP1vmYP/Q==","assets/ytplayer/jquery.mb.ytplayer.min.js":"UCqVnLtCcLPvcFiBkD5qfg==","assets/vimeoplayer/jquery.mb.vimeo_player.js":"h/KYdzVTc1SdXKBMxj/4DQ==","assets/mbr-switch-arrow/mbr-switch-arrow.js":"448Z9cq78UhKb3VOOwTusg==","assets/countdown/jquery.countdown.min.js":"nNeZtjQks/XXGgSH4kDhtg==","assets/parallax/jarallax.min.js":"bFQ4obzjiC9HL+BZ3/QknA==","assets/web/assets/mobirise-icons2/mobirise2.css":"+RO7OxVtE1FsD/N7V3/ADw==","assets/web/assets/mobirise-icons2/mobirise2.eot":"B2EjryGRojlTpzr1GHt3LQ==","assets/web/assets/mobirise-icons2/mobirise2.svg":"usCYAy7QdzckfeGReb9wWQ==","assets/web/assets/mobirise-icons2/mobirise2.ttf":"VMdAr7YYQ2ab9KiUyabAGA==","assets/web/assets/mobirise-icons2/mobirise2.woff":"xY3InaTfYGp0nlCuQBMudQ==","assets/web/assets/mobirise-icons/mobirise-icons.css":"t/IrTIzfJvbDUoCV05F+7Q==","assets/web/assets/mobirise-icons/mobirise-icons.eot":"T9iJ+Vffe7n6Gk/+pf9gEw==","assets/web/assets/mobirise-icons/mobirise-icons.svg":"Yp5pSlGdnLgPdQLUa/Yv3w==","assets/web/assets/mobirise-icons/mobirise-icons.ttf":"r0OtN8kuMaYwUc+mlGDUWA==","assets/web/assets/mobirise-icons/mobirise-icons.woff":"3aYYVAIqADvsB1jjxJZ73w==","assets/socicon/css/styles.css":"q91aZJ04O5rzI1nJO9PRHw==","assets/socicon/fonts/socicon.eot":"MvYQV8XxgngrhGqjN3oHBw==","assets/socicon/fonts/socicon.svg":"U1iRKoyNjKeR+mUJr3QbXg==","assets/socicon/fonts/socicon.ttf":"IyAo3XNB2a/Q0ml3ZraPsQ==","assets/socicon/fonts/socicon.woff":"zQDjXd6bBUQi87pRsBWVqQ==","assets/socicon/fonts/socicon.woff2":"o3w8h99EHOwP99NXAoHpOQ==","assets/icon54-v3/style.css":"dpT5NAN4s5dr46XFg8644w==","assets/icon54-v3/fonts/icon54-v3.eot":"jwlVvmzsWA4g2REs1/TO3A==","assets/icon54-v3/fonts/icon54-v3.svg":"9aaeUKQVxPojMmVc9qhudA==","assets/icon54-v3/fonts/icon54-v3.ttf":"MfLwhOgjH2YJNWIO76HCbw==","assets/icon54-v3/fonts/icon54-v3.woff":"ajtGlqhDlcCmQn03fQ2HiQ==","assets/formoid.min.js":"PCIvx4TB4BdNTxFrmRNOkQ==","assets/recaptcha.css":"rAr6hicA8NHvvo8fHdDrDQ==","assets/web/assets/lazyload/lazyload.js":"vYNkgW2Y/o7c2hp75tsaVg=="},"file:///C:/Users/Blackheart/Desktop/landu":{"assets/images/hashes.json":"tyKOIOjEO3vUV85/A9TEew==","assets/images/logo-main-421x288.png":"/dr2ujx4tKa2ITPFhHoghg==","assets/images/logo-main-487x333.png":"snnJaaqVmqSuO4Q7tpgcmg==","assets/images/7su8hbf7hgjdjih7ztgrrswphj4-1-713x1056.jpg":"v7BtC0ngX9jmA0Ibyvi7GA==","assets/images/nsxcv98hsrctrk1tnl9zgbwqztr-607x910.jpg":"w5NeD78vQJYxS3mMkplTiw==","assets/images/xok8xaunjr08gdfq6hwqd1vjv9o-1-713x1070.jpg":"l/bofu54Ebkxdy0Ov7BqOg==","assets/images/mbr-200x133.jpg":"sdgU8EhgC/jVY/EFJPh0ng==","assets/images/face2-200x200.jpg":"xQFq1xopfWo+Hx6Rt/n21Q==","assets/images/face3-200x200.jpg":"ol0a4ZuC6LFs/tSNDytMag==","assets/images/face4-200x200.jpg":"bZ8FcD3ybpaSfqADSU018w==","assets/images/mbr-200x200.jpg":"oyCVXE5tU9UwTQULv0OvVQ==","assets/images/watermark-logo-128x120.png":"5icRzvLXiBR0YYT2vO0EYA==","assets/images/nmoaa8-1600x840.jpg":"IQxb69qReQNM092ESlxsIA==","assets/web/assets/jquery/jquery.min.js":"3F5/GMjTasHT1HU6h8mNCg==","assets/bootstrap/css/bootstrap.min.css":"Ov4V6XZzTZ2qwmMQEQxFlA==","assets/bootstrap/css/bootstrap-grid.min.css":"B/UEMwCpd8W0hrWHLpycag==","assets/bootstrap/css/bootstrap-reboot.min.css":"Ui5OyWvr8teeN3hgkVQeIQ==","assets/bootstrap/js/bootstrap.min.js":"a+pgw0xdtnlxUGENrNxrzg==","assets/popper/popper.min.js":"NiE4ESlZe/NNSKniYj4FyQ==","assets/tether/tether.min.css":"YhVaOUjL8Xsb9LQHyQq4Tw==","assets/tether/tether.min.js":"PlC291/0Eo8keLHUT4D9+w==","assets/theme/css/style.css":"gNKl0pFasE0laECbQ7UokA==","assets/theme/js/script.js":"3gxOhw9OpbJ/uHtMcMk9yA==","assets/smoothscroll/smooth-scroll.js":"1fU5SR6w/dKRUCNIywK1Sw==","assets/dropdown/css/style.css":"s+S8lVC62P0BWFtgHpaNFA==","assets/dropdown/js/nav-dropdown.js":"dC/upwyur9A4kPhFrRHwaQ==","assets/dropdown/js/navbar-dropdown.js":"ZePnAsEAv4Y5wJTD95L44g==","assets/touchswipe/jquery.touch-swipe.min.js":"9g/wVGnRdXmW2F9BctT/TQ==","assets/animatecss/animate.min.css":"F4tlGVjO/1VsvF81Xgi78Q==","assets/viewportchecker/jquery.viewportchecker.js":"BtceVK1754iA5BP1vmYP/Q==","assets/ytplayer/jquery.mb.ytplayer.min.js":"UCqVnLtCcLPvcFiBkD5qfg==","assets/vimeoplayer/jquery.mb.vimeo_player.js":"h/KYdzVTc1SdXKBMxj/4DQ==","assets/mbr-switch-arrow/mbr-switch-arrow.js":"448Z9cq78UhKb3VOOwTusg==","assets/countdown/jquery.countdown.min.js":"nNeZtjQks/XXGgSH4kDhtg==","assets/parallax/jarallax.min.js":"ZCXV26nEc+W+wvhovuHxQA==","assets/web/assets/mobirise-icons2/mobirise2.css":"+RO7OxVtE1FsD/N7V3/ADw==","assets/web/assets/mobirise-icons2/mobirise2.eot":"B2EjryGRojlTpzr1GHt3LQ==","assets/web/assets/mobirise-icons2/mobirise2.svg":"usCYAy7QdzckfeGReb9wWQ==","assets/web/assets/mobirise-icons2/mobirise2.ttf":"VMdAr7YYQ2ab9KiUyabAGA==","assets/web/assets/mobirise-icons2/mobirise2.woff":"xY3InaTfYGp0nlCuQBMudQ==","assets/web/assets/mobirise-icons/mobirise-icons.css":"t/IrTIzfJvbDUoCV05F+7Q==","assets/web/assets/mobirise-icons/mobirise-icons.eot":"T9iJ+Vffe7n6Gk/+pf9gEw==","assets/web/assets/mobirise-icons/mobirise-icons.svg":"Yp5pSlGdnLgPdQLUa/Yv3w==","assets/web/assets/mobirise-icons/mobirise-icons.ttf":"r0OtN8kuMaYwUc+mlGDUWA==","assets/web/assets/mobirise-icons/mobirise-icons.woff":"3aYYVAIqADvsB1jjxJZ73w==","assets/socicon/css/styles.css":"q91aZJ04O5rzI1nJO9PRHw==","assets/socicon/fonts/socicon.eot":"MvYQV8XxgngrhGqjN3oHBw==","assets/socicon/fonts/socicon.svg":"U1iRKoyNjKeR+mUJr3QbXg==","assets/socicon/fonts/socicon.ttf":"IyAo3XNB2a/Q0ml3ZraPsQ==","assets/socicon/fonts/socicon.woff":"zQDjXd6bBUQi87pRsBWVqQ==","assets/socicon/fonts/socicon.woff2":"o3w8h99EHOwP99NXAoHpOQ==","assets/icon54-v3/style.css":"dpT5NAN4s5dr46XFg8644w==","assets/icon54-v3/fonts/icon54-v3.eot":"jwlVvmzsWA4g2REs1/TO3A==","assets/icon54-v3/fonts/icon54-v3.svg":"9aaeUKQVxPojMmVc9qhudA==","assets/icon54-v3/fonts/icon54-v3.ttf":"MfLwhOgjH2YJNWIO76HCbw==","assets/icon54-v3/fonts/icon54-v3.woff":"ajtGlqhDlcCmQn03fQ2HiQ==","assets/formoid.min.js":"PCIvx4TB4BdNTxFrmRNOkQ==","assets/recaptcha.css":"rAr6hicA8NHvvo8fHdDrDQ==","assets/web/assets/lazyload/lazyload.js":"vYNkgW2Y/o7c2hp75tsaVg==","assets/images/logo%20main-421x288.png":"/dr2ujx4tKa2ITPFhHoghg==","assets/images/index-meta.png":"/dr2ujx4tKa2ITPFhHoghg=="},"file:///C:/Users/Blackheart/Desktop/landu/New%20folder":{"assets/images/hashes.json":"tyKOIOjEO3vUV85/A9TEew==","assets/images/logo-main-421x288.png":"/dr2ujx4tKa2ITPFhHoghg==","assets/images/logo-main-487x333.png":"snnJaaqVmqSuO4Q7tpgcmg==","assets/images/7su8hbf7hgjdjih7ztgrrswphj4-1-713x1056.jpg":"v7BtC0ngX9jmA0Ibyvi7GA==","assets/images/nsxcv98hsrctrk1tnl9zgbwqztr-607x910.jpg":"w5NeD78vQJYxS3mMkplTiw==","assets/images/xok8xaunjr08gdfq6hwqd1vjv9o-1-713x1070.jpg":"l/bofu54Ebkxdy0Ov7BqOg==","assets/images/mbr-200x133.jpg":"sdgU8EhgC/jVY/EFJPh0ng==","assets/images/face2-200x200.jpg":"xQFq1xopfWo+Hx6Rt/n21Q==","assets/images/face3-200x200.jpg":"ol0a4ZuC6LFs/tSNDytMag==","assets/images/face4-200x200.jpg":"bZ8FcD3ybpaSfqADSU018w==","assets/images/mbr-200x200.jpg":"oyCVXE5tU9UwTQULv0OvVQ==","assets/images/watermark-logo-128x120.png":"5icRzvLXiBR0YYT2vO0EYA==","assets/images/nmoaa8-1600x840.jpg":"IQxb69qReQNM092ESlxsIA==","assets/web/assets/jquery/jquery.min.js":"3F5/GMjTasHT1HU6h8mNCg==","assets/bootstrap/css/bootstrap.min.css":"Ov4V6XZzTZ2qwmMQEQxFlA==","assets/bootstrap/css/bootstrap-grid.min.css":"B/UEMwCpd8W0hrWHLpycag==","assets/bootstrap/css/bootstrap-reboot.min.css":"Ui5OyWvr8teeN3hgkVQeIQ==","assets/bootstrap/js/bootstrap.min.js":"a+pgw0xdtnlxUGENrNxrzg==","assets/popper/popper.min.js":"NiE4ESlZe/NNSKniYj4FyQ==","assets/tether/tether.min.css":"YhVaOUjL8Xsb9LQHyQq4Tw==","assets/tether/tether.min.js":"PlC291/0Eo8keLHUT4D9+w==","assets/theme/css/style.css":"gNKl0pFasE0laECbQ7UokA==","assets/theme/js/script.js":"3gxOhw9OpbJ/uHtMcMk9yA==","assets/smoothscroll/smooth-scroll.js":"1fU5SR6w/dKRUCNIywK1Sw==","assets/dropdown/css/style.css":"s+S8lVC62P0BWFtgHpaNFA==","assets/dropdown/js/nav-dropdown.js":"dC/upwyur9A4kPhFrRHwaQ==","assets/dropdown/js/navbar-dropdown.js":"ZePnAsEAv4Y5wJTD95L44g==","assets/touchswipe/jquery.touch-swipe.min.js":"9g/wVGnRdXmW2F9BctT/TQ==","assets/animatecss/animate.min.css":"F4tlGVjO/1VsvF81Xgi78Q==","assets/viewportchecker/jquery.viewportchecker.js":"BtceVK1754iA5BP1vmYP/Q==","assets/ytplayer/jquery.mb.ytplayer.min.js":"UCqVnLtCcLPvcFiBkD5qfg==","assets/vimeoplayer/jquery.mb.vimeo_player.js":"h/KYdzVTc1SdXKBMxj/4DQ==","assets/mbr-switch-arrow/mbr-switch-arrow.js":"448Z9cq78UhKb3VOOwTusg==","assets/countdown/jquery.countdown.min.js":"nNeZtjQks/XXGgSH4kDhtg==","assets/parallax/jarallax.min.js":"bFQ4obzjiC9HL+BZ3/QknA==","assets/web/assets/mobirise-icons2/mobirise2.css":"+RO7OxVtE1FsD/N7V3/ADw==","assets/web/assets/mobirise-icons2/mobirise2.eot":"B2EjryGRojlTpzr1GHt3LQ==","assets/web/assets/mobirise-icons2/mobirise2.svg":"usCYAy7QdzckfeGReb9wWQ==","assets/web/assets/mobirise-icons2/mobirise2.ttf":"VMdAr7YYQ2ab9KiUyabAGA==","assets/web/assets/mobirise-icons2/mobirise2.woff":"xY3InaTfYGp0nlCuQBMudQ==","assets/web/assets/mobirise-icons/mobirise-icons.css":"t/IrTIzfJvbDUoCV05F+7Q==","assets/web/assets/mobirise-icons/mobirise-icons.eot":"T9iJ+Vffe7n6Gk/+pf9gEw==","assets/web/assets/mobirise-icons/mobirise-icons.svg":"Yp5pSlGdnLgPdQLUa/Yv3w==","assets/web/assets/mobirise-icons/mobirise-icons.ttf":"r0OtN8kuMaYwUc+mlGDUWA==","assets/web/assets/mobirise-icons/mobirise-icons.woff":"3aYYVAIqADvsB1jjxJZ73w==","assets/socicon/css/styles.css":"q91aZJ04O5rzI1nJO9PRHw==","assets/socicon/fonts/socicon.eot":"MvYQV8XxgngrhGqjN3oHBw==","assets/socicon/fonts/socicon.svg":"U1iRKoyNjKeR+mUJr3QbXg==","assets/socicon/fonts/socicon.ttf":"IyAo3XNB2a/Q0ml3ZraPsQ==","assets/socicon/fonts/socicon.woff":"zQDjXd6bBUQi87pRsBWVqQ==","assets/socicon/fonts/socicon.woff2":"o3w8h99EHOwP99NXAoHpOQ==","assets/icon54-v3/style.css":"dpT5NAN4s5dr46XFg8644w==","assets/icon54-v3/fonts/icon54-v3.eot":"jwlVvmzsWA4g2REs1/TO3A==","assets/icon54-v3/fonts/icon54-v3.svg":"9aaeUKQVxPojMmVc9qhudA==","assets/icon54-v3/fonts/icon54-v3.ttf":"MfLwhOgjH2YJNWIO76HCbw==","assets/icon54-v3/fonts/icon54-v3.woff":"ajtGlqhDlcCmQn03fQ2HiQ==","assets/formoid.min.js":"PCIvx4TB4BdNTxFrmRNOkQ==","assets/recaptcha.css":"rAr6hicA8NHvvo8fHdDrDQ==","assets/images/logo%20main-421x288.png":"/dr2ujx4tKa2ITPFhHoghg==","assets/images/index-meta.png":"/dr2ujx4tKa2ITPFhHoghg==","assets/web/assets/lazyload/lazyload.js":"vYNkgW2Y/o7c2hp75tsaVg=="},"file:///C:/Users/nelso/Documents/GitHub/ibiatv_landing_site_infosite":{"assets/images/hashes.json":"A2KsWsEA98QMym+3gHVIoA==","assets/images/logo-main-421x288.png":"/dr2ujx4tKa2ITPFhHoghg==","assets/images/logo-main-487x333.png":"snnJaaqVmqSuO4Q7tpgcmg==","assets/images/7su8hbf7hgjdjih7ztgrrswphj4-1-713x1056.jpg":"v7BtC0ngX9jmA0Ibyvi7GA==","assets/images/nsxcv98hsrctrk1tnl9zgbwqztr-607x910.jpg":"w5NeD78vQJYxS3mMkplTiw==","assets/images/xok8xaunjr08gdfq6hwqd1vjv9o-1-713x1070.jpg":"l/bofu54Ebkxdy0Ov7BqOg==","assets/images/whatsapp-image-2021-07-10-at-15.59.57-200x267.jpg":"xu42rbeCDmPFdlfb9IiCCw==","assets/images/whatsapp-image-2021-07-10-at-15.55.32-200x267.jpg":"Ln/qoCXa/Sl6+c8hzkkKtg==","assets/images/whatsapp-image-2021-07-10-at-15.54.09-200x267.jpg":"oonFFy/XkmRYWdjkZn2T0A==","assets/images/whatsapp-image-2021-07-10-at-15.53.27-200x284.jpg":"2XE0LX1SuSmk4qTEykbohg==","assets/images/20200124-132631-200x150.jpg":"/knwuQVCiDDzsqyj+Jtq0Q==","assets/images/watermark-logo-128x120.png":"5icRzvLXiBR0YYT2vO0EYA==","assets/images/nmoaa8-1600x840.jpg":"IQxb69qReQNM092ESlxsIA==","assets/web/assets/jquery/jquery.min.js":"3F5/GMjTasHT1HU6h8mNCg==","assets/bootstrap/css/bootstrap.min.css":"Ov4V6XZzTZ2qwmMQEQxFlA==","assets/bootstrap/css/bootstrap-grid.min.css":"B/UEMwCpd8W0hrWHLpycag==","assets/bootstrap/css/bootstrap-reboot.min.css":"Ui5OyWvr8teeN3hgkVQeIQ==","assets/bootstrap/js/bootstrap.min.js":"a+pgw0xdtnlxUGENrNxrzg==","assets/popper/popper.min.js":"NiE4ESlZe/NNSKniYj4FyQ==","assets/tether/tether.min.css":"YhVaOUjL8Xsb9LQHyQq4Tw==","assets/tether/tether.min.js":"PlC291/0Eo8keLHUT4D9+w==","assets/theme/css/style.css":"gNKl0pFasE0laECbQ7UokA==-VITbTf54ezV7Z7I/e4lZVw==","assets/smoothscroll/smooth-scroll.js":"1fU5SR6w/dKRUCNIywK1Sw==","assets/dropdown/css/style.css":"s+S8lVC62P0BWFtgHpaNFA==","assets/dropdown/js/nav-dropdown.js":"dC/upwyur9A4kPhFrRHwaQ==","assets/dropdown/js/navbar-dropdown.js":"ZePnAsEAv4Y5wJTD95L44g==","assets/touchswipe/jquery.touch-swipe.min.js":"9g/wVGnRdXmW2F9BctT/TQ==","assets/animatecss/animate.min.css":"F4tlGVjO/1VsvF81Xgi78Q==","assets/viewportchecker/jquery.viewportchecker.js":"BtceVK1754iA5BP1vmYP/Q==","assets/ytplayer/jquery.mb.ytplayer.min.js":"UCqVnLtCcLPvcFiBkD5qfg==","assets/vimeoplayer/jquery.mb.vimeo_player.js":"h/KYdzVTc1SdXKBMxj/4DQ==","assets/mbr-switch-arrow/mbr-switch-arrow.js":"448Z9cq78UhKb3VOOwTusg==","assets/countdown/jquery.countdown.min.js":"nNeZtjQks/XXGgSH4kDhtg==","assets/parallax/jarallax.min.js":"ZCXV26nEc+W+wvhovuHxQA==","assets/web/assets/mobirise-icons2/mobirise2.css":"+RO7OxVtE1FsD/N7V3/ADw==","assets/web/assets/mobirise-icons2/mobirise2.eot":"B2EjryGRojlTpzr1GHt3LQ==","assets/web/assets/mobirise-icons2/mobirise2.svg":"usCYAy7QdzckfeGReb9wWQ==","assets/web/assets/mobirise-icons2/mobirise2.ttf":"VMdAr7YYQ2ab9KiUyabAGA==","assets/web/assets/mobirise-icons2/mobirise2.woff":"xY3InaTfYGp0nlCuQBMudQ==","assets/web/assets/mobirise-icons/mobirise-icons.css":"t/IrTIzfJvbDUoCV05F+7Q==","assets/web/assets/mobirise-icons/mobirise-icons.eot":"T9iJ+Vffe7n6Gk/+pf9gEw==","assets/web/assets/mobirise-icons/mobirise-icons.svg":"Yp5pSlGdnLgPdQLUa/Yv3w==","assets/web/assets/mobirise-icons/mobirise-icons.ttf":"r0OtN8kuMaYwUc+mlGDUWA==","assets/web/assets/mobirise-icons/mobirise-icons.woff":"3aYYVAIqADvsB1jjxJZ73w==","assets/socicon/css/styles.css":"q91aZJ04O5rzI1nJO9PRHw==","assets/socicon/fonts/socicon.eot":"MvYQV8XxgngrhGqjN3oHBw==","assets/socicon/fonts/socicon.svg":"U1iRKoyNjKeR+mUJr3QbXg==","assets/socicon/fonts/socicon.ttf":"IyAo3XNB2a/Q0ml3ZraPsQ==","assets/socicon/fonts/socicon.woff":"zQDjXd6bBUQi87pRsBWVqQ==","assets/socicon/fonts/socicon.woff2":"o3w8h99EHOwP99NXAoHpOQ==","assets/formoid/formoid.min.js":"q3Tq4OgIl70340sy13f/cg==","assets/images/logo%20main-421x288.png":"/dr2ujx4tKa2ITPFhHoghg==","assets/images/index-meta.png":"/dr2ujx4tKa2ITPFhHoghg=="}}