{"HG5p5UkCqZXLvTRz9AVezQ==":"2-122x69.png","SjTJ9WPrUGiHLevIJLSjVw==":"logomakr_2jwe7k-214x101.png","5IVW8nTl/XQVXecMmBtZkg==":"unnamed-1106x622.jpg","Gev8aSgJ+UmK0MDksAO5sg==":"unnamed-1106x622.jpeg","X7B41TsxmkF4ujNps2AN8w==":"the-best-order-to-watch-marvel-movies-featured-studiobinder-1921x1080.jpg","kkEN3P6RUQ4qYh290sZS8A==":"logomakr_2jwe7k-400x188.png","Iq6u0UcGxuL7szUfNWJSgg==":"fidod0a-800x462.jpg","eMdoMpLKzuKn1yGvc+UuNQ==":"what_to_watch-550x378.jpg","9cS5d8jYDeXNtJ86GLz+vQ==":"fidod0a-1-800x462.jpg","w39qPnquQCL82k0G1syg2w==":"e7dd14f75336a1907e668ec0e3c5d8d3-2000x1464.jpg","1/AincNeJ8rq3ps2NFqndQ==":"1-400x225.png","pW3PJ4x7gVsk2TtoQ/i+wg==":"mbr-1106x794.jpg","EYo3Y2mpysKuMbXKQMr+uA==":"unnamed-1-1106x622.jpeg","5pKZWSncbXnsvAZEkQDorQ==":"mbr-200x133.jpg","Q28b1Guf/8hhUk4EZk4nnQ==":"mbr-200x140.jpg","IL7lBSgDoAEzqEkXZq5ngQ==":"logomakr_2jwe7k-1-400x188.png","Ln1z84rQtvRgaovWLqmUsA==":"background3.jpg","FaDYV7mJRUjcF4hvnj+m0w==":"face2.jpg","SOkQYFiDJ1/8quRVSWt24A==":"face4.jpg","9rBbi3bDLFP3JJHlY7yh5Q==":"face3.jpg","2r22hR+b2bZV0WfxXctGWw==":"mbr-200x143.jpg","4azWV3/kjKicqwzMsFNqNA==":"mbr-1-200x133.jpg","PhWNzK07OjEL6t0v3kTLYg==":"tv%20poster-1920x1080.png","dnztAlfJqKIt4piTLqCj6w==":"watermark_logo-151x142.png","ZnLpPcspVSkVX2Wp0E1oSQ==":"tv_logo_white-348x182.png","YUQb4U3ohQ8vsjayNYzXbA==":"ic_launcher-playstore-512x512.png","eV5WlVAkYpPQ6hYHtrxZZg==":"web_hi_res-512-512x512.png","fELe56+Ce7yuW3rYZ8hWfw==":"logo%20main-391x267.png","iu2T7qDpJLNQtEs9N9tnCw==":"logo%20main-299x204.png","snnJaaqVmqSuO4Q7tpgcmg==":"logo%20main-487x333.png","gDbG9lvTruu8GFMXWrFIxg==":"favicon.ico","idSd/zFf6SJ7GKwh1ScXAw==":"404-1280x720.jpeg","Qaad+Ls3zTUnn04W4vKCXQ==":"d3703e0f3cd54f1cd8a3c187da53e6f4-1920x1200.jpg","oUOA34H6pSc1oAPmVn1LBg==":"background3-1.jpg","/dr2ujx4tKa2ITPFhHoghg==":"logo%20main-421x288.png","sdgU8EhgC/jVY/EFJPh0ng==":"mbr-200x133.jpg","xQFq1xopfWo+Hx6Rt/n21Q==":"face2-200x200.jpg","ol0a4ZuC6LFs/tSNDytMag==":"face3-200x200.jpg","bZ8FcD3ybpaSfqADSU018w==":"face4-200x200.jpg","oyCVXE5tU9UwTQULv0OvVQ==":"mbr-200x200.jpg","v7BtC0ngX9jmA0Ibyvi7GA==":"7su8hbf7hgjdjih7ztgrrswphj4%20(1)-713x1056.jpg","w5NeD78vQJYxS3mMkplTiw==":"nsxcv98hsrctrk1tnl9zgbwqztr-607x910.jpg","l/bofu54Ebkxdy0Ov7BqOg==":"xok8xaunjr08gdfq6hwqd1vjv9o%20(1)-713x1070.jpg","P6ScxeA76w6in2YRajg5zQ==":"iron_man_2-wallpaper-2000x1600.jpg","IQxb69qReQNM092ESlxsIA==":"nmoaa8-1600x840.jpg","xu42rbeCDmPFdlfb9IiCCw==":"whatsapp%20image%202021-07-10%20at%2015.59.57-200x267.jpg","Ln/qoCXa/Sl6+c8hzkkKtg==":"whatsapp%20image%202021-07-10%20at%2015.55.32-200x267.jpg","oonFFy/XkmRYWdjkZn2T0A==":"whatsapp%20image%202021-07-10%20at%2015.54.09-200x267.jpg","2XE0LX1SuSmk4qTEykbohg==":"whatsapp%20image%202021-07-10%20at%2015.53.27-200x284.jpg","OrUO1GbG0qZ7GLXK+jegkA==":"20190629-172635-200x356.jpeg","/knwuQVCiDDzsqyj+Jtq0Q==":"20200124-132631-200x150.jpg"}